Workbook

Sheet Dashboard
A1: Dashboard
A2: Everything here is calculated. Nothing to fill in on this tab.
A4: Days until race day | B4: =MAX(0,DATE(2027,6,26)-TODAY()) -> 335
A5: Weeks until race day | B5: =ROUND(MAX(0,DATE(2027,6,26)-TODAY())/7,1) -> 47.9
A7: Sessions completed | B7: ='Training Log'!J54 -> 0
A8: Sessions scheduled to date | B8: =MIN(141,MAX(0,SUMPRODUCT(('Training Log'!$B$6:$B$52<=TODAY())*1)*3)) -> 0
A9: Completion rate to date | B9: =IFERROR(B5/B6,0) -> 0
A11: Phase 1 sessions done (of 30) | B11: =SUMPRODUCT(('Training Log'!$C$6:$C$52="1. Base")*'Training Log'!$J$6:$J$52) -> 0
A12: Phase 2 sessions done (of 42) | B12: =SUMPRODUCT(('Training Log'!$C$6:$C$52="2. Strength Build")*'Training Log'!$J$6:$J$52) -> 0
A13: Phase 3 sessions done (of 42) | B13: =SUMPRODUCT(('Training Log'!$C$6:$C$52="3. Race Specific")*'Training Log'!$J$6:$J$52) -> 0
A14: Phase 4 sessions done (of 27) | B14: =SUMPRODUCT(('Training Log'!$C$6:$C$52="4. Terrain & Taper")*'Training Log'!$J$6:$J$52) -> 0
A16: Runs completed | B16: =COUNTIF('Training Log'!E6:E52,"Done") -> 0
A17: Strength sessions completed | B17: =COUNTIF('Training Log'!G6:G52,"Done") -> 0
A18: Circuits completed | B18: =COUNTIF('Training Log'!I6:I52,"Done") -> 0
A19: Sessions missed | B19: =COUNTIF('Training Log'!E6:I52,"Missed") -> 0
A21: Travel backups used | B21: =COUNTIF('Training Log'!E6:I52,"Backup") -> 0
A22: Backup share of completed | B22: =IFERROR(COUNTIF('Training Log'!E6:I52,"Backup")/'Training Log'!J54,0) -> 0
A23: Full sessions (non-backup) | B23: =COUNTIF('Training Log'!E6:I52,"Done") -> 0
A25: Dead hang PR (sec) | B25: =IFERROR(MAX('Dead Hang Log'!B7:B305),0) -> 0
A26: Dead hang average (sec) | B26: =IFERROR(ROUND(AVERAGE('Dead Hang Log'!B7:B305),0),0) -> 0
A27: Hangs logged | B27: =COUNT('Dead Hang Log'!B7:B305) -> 0
A28: 60 sec benchmark hit? | B28: =IF(IFERROR(MAX('Dead Hang Log'!B7:B305),0)>=60,"YES","Not yet") -> Not yet
A29: 90 sec benchmark hit? | B29: =IF(IFERROR(MAX('Dead Hang Log'!B7:B305),0)>=90,"YES","Not yet") -> Not yet
A32: Legend
A33: Shaded cells (cream) are the ones you fill in. Everything else is a formula, leave it alone.
A34: Training Log: mark each session Done, Backup, Partial, or Missed.
A35: Done and Backup both count toward totals. Partial and Missed do not.
A36: Backup = the 15 min travel workout done in place of the real session. Watch the backup share: if it passes about 30%, your strength progression is stalling.
A37: Dead Hang Log: one row per hang. Date and seconds are the only required fields.
A38: Session counts by phase: P1 = 30, P2 = 42, P3 = 42, P4 = 27. Total 141.
A39: Race date June 26, 2027, confirmed from toughmudder.com/events/twin-cities.

Sheet Training Log
A1: Tough Mudder 5K Training Log
A2: Twin Cities, Hugo MN. Race day: Saturday June 26, 2027.
A3: FILL IN: the shaded columns only. Pick Done / Backup / Partial / Missed from the dropdown. Backup means you did the 15 min travel workout instead. It counts. Everything else calculates.
A5: Week | B5: Week Of | C5: Phase | D5: Day 1: Run | E5: Run | F5: Day 2: Strength | G5: Str | H5: Day 3: Circuit | I5: Cir | J5: Done | K5: Notes
A6: 1 | B6: 46237 | C6: 1. Base | D6: 1 min run / 2 min walk x 8 | F6: Strength A: 3 rounds bodyweight (+1 rep/wk) | H6: Circuit A: 5 rounds, 40 on / 20 off | J6: =COUNTIF(E6,"Done")+COUNTIF(G6,"Done")+COUNTIF(I6,"Done")+COUNTIF(E6,"Backup")+COUNTIF(G6,"Backup")+COUNTIF(I6,"Backup") -> 0
A7: 2 | B7: 46244 | C7: 1. Base | D7: 1.5 min run / 2 min walk x 7 | F7: Strength A: 3 rounds bodyweight (+1 rep/wk) | H7: Circuit A: 5 rounds, 40 on / 20 off | J7: =COUNTIF(E7,"Done")+COUNTIF(G7,"Done")+COUNTIF(I7,"Done")+COUNTIF(E7,"Backup")+COUNTIF(G7,"Backup")+COUNTIF(I7,"Backup") -> 0
A8: 3 | B8: 46251 | C8: 1. Base | D8: 2 min run / 2 min walk x 7 | F8: Strength A: 3 rounds bodyweight (+1 rep/wk) | H8: Circuit A: 5 rounds, 40 on / 20 off | J8: =COUNTIF(E8,"Done")+COUNTIF(G8,"Done")+COUNTIF(I8,"Done")+COUNTIF(E8,"Backup")+COUNTIF(G8,"Backup")+COUNTIF(I8,"Backup") -> 0
A9: 4 | B9: 46258 | C9: 1. Base | D9: 3 min run / 2 min walk x 6 | F9: Strength A: 3 rounds bodyweight (+1 rep/wk) | H9: Circuit A: 5 rounds, 40 on / 20 off | J9: =COUNTIF(E9,"Done")+COUNTIF(G9,"Done")+COUNTIF(I9,"Done")+COUNTIF(E9,"Backup")+COUNTIF(G9,"Backup")+COUNTIF(I9,"Backup") -> 0
A10: 5 | B10: 46265 | C10: 1. Base | D10: 4 min run / 2 min walk x 5 | F10: Strength A: 3 rounds bodyweight (+1 rep/wk) | H10: Circuit A: 5 rounds, 40 on / 20 off | J10: =COUNTIF(E10,"Done")+COUNTIF(G10,"Done")+COUNTIF(I10,"Done")+COUNTIF(E10,"Backup")+COUNTIF(G10,"Backup")+COUNTIF(I10,"Backup") -> 0
A11: 6 | B11: 46272 | C11: 1. Base | D11: 5 min run / 2 min walk x 4, then 5 min walk | F11: Strength A: 3 rounds bodyweight (+1 rep/wk) | H11: Circuit A: 5 rounds, 40 on / 20 off | J11: =COUNTIF(E11,"Done")+COUNTIF(G11,"Done")+COUNTIF(I11,"Done")+COUNTIF(E11,"Backup")+COUNTIF(G11,"Backup")+COUNTIF(I11,"Backup") -> 0
A12: 7 | B12: 46279 | C12: 1. Base | D12: 8 min run / 2 min walk x 3 | F12: Strength A: 3 rounds bodyweight (+1 rep/wk) | H12: Circuit A: 5 rounds, 40 on / 20 off | J12: =COUNTIF(E12,"Done")+COUNTIF(G12,"Done")+COUNTIF(I12,"Done")+COUNTIF(E12,"Backup")+COUNTIF(G12,"Backup")+COUNTIF(I12,"Backup") -> 0
A13: 8 | B13: 46286 | C13: 1. Base | D13: 12 min run / 2 min walk x 2, then 6 min run | F13: Strength A: 3 rounds bodyweight (+1 rep/wk) | H13: Circuit A: 5 rounds, 40 on / 20 off | J13: =COUNTIF(E13,"Done")+COUNTIF(G13,"Done")+COUNTIF(I13,"Done")+COUNTIF(E13,"Backup")+COUNTIF(G13,"Backup")+COUNTIF(I13,"Backup") -> 0
A14: 9 | B14: 46293 | C14: 1. Base | D14: 20 min continuous, walk 5, then 8 min continuous | F14: Strength A: 3 rounds bodyweight (+1 rep/wk) | H14: Circuit A: 5 rounds, 40 on / 20 off | J14: =COUNTIF(E14,"Done")+COUNTIF(G14,"Done")+COUNTIF(I14,"Done")+COUNTIF(E14,"Backup")+COUNTIF(G14,"Backup")+COUNTIF(I14,"Backup") -> 0
A15: 10 | B15: 46300 | C15: 1. Base | D15: 30 min CONTINUOUS (Phase 1 goal) | F15: Strength A: 3 rounds bodyweight (+1 rep/wk) | H15: Circuit A: 5 rounds, 40 on / 20 off | J15: =COUNTIF(E15,"Done")+COUNTIF(G15,"Done")+COUNTIF(I15,"Done")+COUNTIF(E15,"Backup")+COUNTIF(G15,"Backup")+COUNTIF(I15,"Backup") -> 0
A16: 11 | B16: 46307 | C16: 2. Strength Build | D16: 30-35 min easy, plus 5 min at 4% incline mid-run | F16: Strength B: 4 rounds, rows / split squat / press / farmer carry / hollow / hang | H16: Circuit B: 6 rounds, 40 on / 20 off | J16: =COUNTIF(E16,"Done")+COUNTIF(G16,"Done")+COUNTIF(I16,"Done")+COUNTIF(E16,"Backup")+COUNTIF(G16,"Backup")+COUNTIF(I16,"Backup") -> 0
A17: 12 | B17: 46314 | C17: 2. Strength Build | D17: 30-35 min easy, plus 5 min at 4% incline mid-run | F17: Strength B: 4 rounds, rows / split squat / press / farmer carry / hollow / hang | H17: Circuit B: 6 rounds, 40 on / 20 off | J17: =COUNTIF(E17,"Done")+COUNTIF(G17,"Done")+COUNTIF(I17,"Done")+COUNTIF(E17,"Backup")+COUNTIF(G17,"Backup")+COUNTIF(I17,"Backup") -> 0
... A52: 47 | B52: 46559 | C52: 4. Terrain & Taper | D52: RACE WEEK: Mon 20 min easy, Wed 15 min easy + strides | F52: RACE WEEK: none | H52: RACE DAY: Saturday June 26 | J52: =COUNTIF(E52,"Done")+COUNTIF(G52,"Done")+COUNTIF(I52,"Done")+COUNTIF(E52,"Backup")+COUNTIF(G52,"Backup")+COUNTIF(I52,"Backup") -> 0
A54: TOTAL | J54: =SUM(J6:J52) -> 0 | K54: out of 141 total sessions

Sheet Dead Hang Log
A1: Dead Hang Log
A2: Log every hang. Benchmark: 60 sec by end of Phase 1 (Oct 11, 2026), 90 sec by end of Phase 2.
A3: FILL IN: all four columns. Delete the example row once you start.
A5: Date | B5: Seconds | C5: Grip Type | D5: Where / Notes
A6: 46239 | B6: 22 | C6: Bar | D6: EXAMPLE ROW. Hotel gym in Bloomington, grip gave out first.
